supplier_id,total_spend,orders,on_time_delivery,defect_rate,avg_unit_price,supplier_name,category,region,contract_lead_days,cost_score,delivery_score,quality_score,weighted_score,risk_tier
SUP-047,10493589.51,654,0.7737003058103975,0.014645947257914118,77.70406727828745,Industrial Partner 047,Plumbing,Central,7,86.15527679184427,77.37003058103976,98.53540527420859,85.7,Preferred
SUP-027,10768885.11,703,0.786628733997155,0.01386723091444031,78.58605974395448,Industrial Partner 027,MRO,Central,26,77.11241057306052,78.66287339971551,98.61327690855597,83.1,Preferred
SUP-024,10700297.66,668,0.5748502994011976,0.019999192469948534,76.35372754491019,Industrial Partner 024,Plumbing,South,25,100.0,57.48502994011976,98.00008075300515,82.5,Preferred
SUP-046,11730820.6,721,0.7905686546463245,0.010595584092825945,78.85320388349515,Industrial Partner 046,Electrical,West,30,74.37344305458917,79.05686546463245,98.94044159071741,82.4,Preferred
SUP-070,10862974.41,637,0.792778649921507,0.007993089455788858,79.17507064364207,Industrial Partner 070,Plumbing,Central,25,71.07341707298316,79.27786499215071,99.20069105442111,81.4,Watch
SUP-003,11120676.84,666,0.7732732732732732,0.016956615562520712,78.92833333333333,Industrial Partner 003,Plumbing,Central,14,73.6031580573544,77.32732732732732,98.30433844374792,81.3,Watch
SUP-053,11052594.01,670,0.7582089552238805,0.01715416022076057,78.92119402985074,Industrial Partner 053,Packaging,Central,7,73.67635569656498,75.82089552238806,98.28458397792394,80.7,Watch
SUP-032,10486091.49,646,0.7770897832817337,0.013850549069619739,79.15047987616099,Industrial Partner 032,HVAC,Central,23,71.3255405651952,77.70897832817337,98.61494509303803,80.7,Watch
SUP-031,11988610.58,712,0.776685393258427,0.011659652701311682,79.31077247191011,Industrial Partner 031,Plumbing,Central,19,69.68209738892644,77.6685393258427,98.83403472986883,80.2,Watch
SUP-036,11138964.87,663,0.8069381598793364,0.011521714392541236,79.76482654600302,Industrial Partner 036,MRO,South,25,65.02678523157066,80.69381598793363,98.84782856074588,79.7,Watch
SUP-005,10314574.41,648,0.7716049382716049,0.00739708294931037,79.64658950617283,Industrial Partner 005,Packaging,West,24,66.23904245020893,77.1604938271605,99.26029170506897,78.9,Watch
SUP-050,10605009.67,672,0.7559523809523809,0.008376573712666665,79.46918154761904,Industrial Partner 050,Safety,Central,16,68.05796551111757,75.59523809523809,99.16234262873334,78.8,Watch
SUP-043,10797176.9,666,0.7867867867867868,0.017652906808326086,79.7954954954955,Industrial Partner 043,Plumbing,East,28,64.71234353492716,78.67867867867868,98.2347093191674,78.7,Watch
SUP-017,10816981.94,666,0.7897897897897898,0.014281328575212242,79.90638138138138,Industrial Partner 017,Electrical,West,29,63.57545600963634,78.97897897897897,98.57186714247878,78.5,Watch
SUP-068,9753391.94,644,0.781055900621118,0.016621615394745288,79.8808850931677,Industrial Partner 068,Packaging,East,25,63.83686359798513,78.1055900621118,98.33783846052548,78.2,Watch
SUP-060,10570466.33,649,0.8012326656394453,0.008243812533604653,80.30636363636364,Industrial Partner 060,Electrical,South,13,59.47452979712429,80.12326656394453,99.17561874663954,77.7,Watch
SUP-067,10341023.27,632,0.7863924050632911,0.013171771807402963,80.12215189873417,Industrial Partner 067,Safety,West,24,61.36321044254587,78.63924050632912,98.68282281925971,77.6,Watch
SUP-063,11112879.92,711,0.7454289732770746,0.018087455306552775,79.71306610407876,Industrial Partner 063,Electrical,East,9,65.55747315688328,74.54289732770746,98.19125446934473,77.3,Watch
SUP-020,10734376.51,684,0.7894736842105263,0.007805922343332546,80.36209064327485,Industrial Partner 020,MRO,Central,29,58.90317359184172,78.94736842105263,99.21940776566674,77.0,Watch
SUP-018,10687222.0,650,0.8061538461538461,0.01703357574047261,80.47101538461538,Industrial Partner 018,Safety,West,5,57.78639323123724,80.61538461538461,98.29664242595274,77.0,Watch
SUP-072,10709814.41,690,0.7956521739130434,0.014545344731106403,80.49617391304348,Industrial Partner 072,Electrical,East,20,57.52844861641033,79.56521739130434,98.54546552688936,76.6,Watch
SUP-002,11083734.72,684,0.7894736842105263,0.013958800636145486,80.54230994152047,Industrial Partner 002,Safety,East,30,57.055426510639926,78.94736842105263,98.60411993638544,76.2,Watch
SUP-045,10983724.89,673,0.7979197622585439,0.008231991576301707,80.71060921248143,Industrial Partner 045,Safety,Central,16,55.329892731995,79.79197622585438,99.17680084236983,76.1,Watch
SUP-065,10132774.58,612,0.7679738562091504,0.008135067886560265,80.38112745098039,Industrial Partner 065,Electrical,South,21,58.707993573854075,76.79738562091504,99.18649321134397,76.1,Watch
SUP-037,12021606.82,703,0.7652916073968705,0.014886204667460297,80.36529160739687,Industrial Partner 037,Safety,South,29,58.87035484173524,76.52916073968706,98.51137953325397,75.8,Watch
SUP-021,10981027.2,677,0.7917282127031019,0.011829195824191964,80.772658788774,Industrial Partner 021,Plumbing,South,30,54.69371267469537,79.1728212703102,98.81708041758081,75.5,Watch
SUP-011,11877858.12,669,0.796711509715994,0.010861858017322295,80.89243647234679,Industrial Partner 011,Packaging,South,22,53.46565958954182,79.6711509715994,98.91381419826777,75.3,Watch
SUP-026,11303312.6,679,0.7746686303387335,0.010254872585771523,80.7718998527246,Industrial Partner 026,Electrical,Central,19,54.701493871735515,77.46686303387335,98.97451274142284,74.9,Watch
SUP-008,10092654.74,621,0.7536231884057971,0.016272013745078844,80.78636070853463,Industrial Partner 008,Plumbing,Central,26,54.55323003775785,75.36231884057972,98.37279862549212,73.8,Watch
SUP-007,10895582.42,645,0.786046511627907,0.015111157337613933,81.20688372093024,Industrial Partner 007,Packaging,West,7,50.24170415625555,78.6046511627907,98.48888426623861,73.6,Watch
SUP-059,10735947.47,657,0.5662100456621004,0.02019419682156711,78.83298325722983,Industrial Partner 059,Packaging,South,15,74.58076049243043,56.62100456621004,97.98058031784329,73.2,Watch
SUP-071,10939661.26,643,0.7822706065318819,0.010591955739437118,81.34762052877137,Industrial Partner 071,MRO,West,28,48.79876198281692,78.22706065318819,98.94080442605629,73.1,Watch
SUP-038,11549556.59,691,0.7771345875542692,0.016573058873471366,81.42247467438494,Industrial Partner 038,Safety,West,20,48.03129961657895,77.71345875542693,98.34269411265286,72.5,Watch
SUP-042,11073692.38,695,0.7784172661870503,0.013771188023427559,81.58293525179856,Industrial Partner 042,HVAC,East,23,46.38613416287776,77.84172661870502,98.62288119765724,72.0,Watch
SUP-035,12023955.790000001,693,0.7806637806637806,0.007979127559749914,81.75460317460318,Industrial Partner 035,MRO,West,13,44.626062370422446,78.06637806637806,99.20208724402501,71.6,Watch
SUP-040,11195069.26,707,0.785007072135785,0.008209311910537295,81.82454031117398,Industrial Partner 040,HVAC,Central,9,43.90901296880849,78.50070721357851,99.17906880894627,71.6,Watch
SUP-033,11021995.6,659,0.7769347496206374,0.016180631768220887,81.80901365705614,Industrial Partner 033,HVAC,West,14,44.068204188097106,77.69347496206373,98.38193682317791,71.1,Watch
SUP-051,11108236.1,665,0.7894736842105263,0.010931352321555697,82.01775939849624,Industrial Partner 051,HVAC,Central,30,41.92798203534205,78.94736842105263,98.90686476784443,71.0,Watch
SUP-058,10975992.31,652,0.7684049079754601,0.017259805458312846,81.83202453987731,Industrial Partner 058,MRO,East,20,43.8322788905147,76.84049079754601,98.27401945416871,70.6,Watch
SUP-016,11026802.11,632,0.7768987341772152,0.011042600125557663,82.09621835443038,Industrial Partner 016,Safety,South,18,41.12356037665895,77.68987341772153,98.89573998744423,70.2,Watch
SUP-062,11565893.78,723,0.7911479944674965,0.014145115109865214,82.22257261410788,Industrial Partner 062,HVAC,West,14,39.82807916688132,79.11479944674966,98.58548848901347,70.2,Watch
SUP-034,11033515.02,664,0.5783132530120482,0.01929328565986904,79.82620481927711,Industrial Partner 034,Safety,East,19,64.39748788996835,57.831325301204814,98.0706714340131,70.2,Watch
SUP-073,11128466.25,690,0.7753623188405797,0.016838483698325787,82.31379710144927,Industrial Partner 073,Electrical,West,16,38.8927754460253,77.53623188405797,98.31615163016743,69.2,High
SUP-057,12033704.15,705,0.8127659574468085,0.013409615539484951,82.77601418439716,Industrial Partner 057,HVAC,South,8,34.15376983334901,81.27659574468085,98.65903844605151,69.1,High
SUP-028,10874671.39,627,0.7687400318979266,0.0160151061479598,82.67200956937799,Industrial Partner 028,HVAC,East,29,35.220105268587844,76.87400318979266,98.39848938520403,67.7,High
SUP-041,10956768.94,649,0.7812018489984591,0.01070192246950702,82.93158705701079,Industrial Partner 041,Safety,East,13,32.558716894599684,78.12018489984591,98.92980775304929,67.4,High
SUP-049,10861490.17,666,0.581081081081081,0.019857155780902972,80.68033033033034,Industrial Partner 049,MRO,South,17,55.640335157758344,58.108108108108105,98.01428442190971,67.2,High
SUP-030,10989024.4,661,0.7881996974281392,0.008118578153921823,83.14627836611196,Industrial Partner 030,HVAC,West,19,30.357536201894796,78.81996974281392,99.18814218460781,67.0,High
SUP-006,12063380.89,673,0.7711738484398217,0.011072762206944819,83.09347696879644,Industrial Partner 006,HVAC,East,15,30.8988968037997,77.11738484398218,98.89272377930551,66.4,High
SUP-009,10086263.709999999,639,0.564945226917058,0.02094738345849893,80.77084507042254,Industrial Partner 009,Electrical,South,18,54.71230831246918,56.4945226917058,97.90526165415011,66.2,High
SUP-013,12335985.66,709,0.763046544428773,0.01710735588754749,83.04212976022568,Industrial Partner 013,HVAC,South,10,31.42534794242957,76.3046544428773,98.28926441124524,66.1,High
SUP-023,11476263.45,678,0.7831858407079646,0.016145981800949817,83.27138643067846,Industrial Partner 023,Electrical,West,10,29.074831944426727,78.31858407079646,98.38540181990501,66.1,High
SUP-055,11631675.1,689,0.7866473149492017,0.00809760444272001,83.44033381712627,Industrial Partner 055,HVAC,South,19,27.34265318652167,78.66473149492018,99.190239555728,65.8,High
SUP-025,11186482.38,658,0.7629179331306991,0.008227335307925987,83.28393617021277,Industrial Partner 025,Safety,East,22,28.946162346774884,76.29179331306992,99.17726646920741,65.4,High
SUP-061,11099559.41,660,0.7863636363636364,0.011189622587030728,83.54789393939394,Industrial Partner 061,Plumbing,Central,24,26.23986395191411,78.63636363636364,98.88103774129692,65.4,High
SUP-075,11116984.18,637,0.7770800627943485,0.008370565642414117,84.16047095761381,Industrial Partner 075,MRO,East,11,19.959252450007025,77.70800627943485,99.16294343575859,62.9,High
SUP-019,11298407.61,658,0.5592705167173252,0.019592698096871898,81.76369300911854,Industrial Partner 019,Electrical,Central,16,44.532866384432744,55.92705167173252,98.04073019031281,62.5,High
SUP-010,11147089.91,640,0.78125,0.008010818216366709,84.40525,Industrial Partner 010,HVAC,Central,19,17.449589136969244,78.125,99.19891817836333,62.2,High
SUP-044,11012259.47,688,0.5683139534883721,0.019950393734348353,81.93155523255814,Industrial Partner 044,Safety,West,26,42.8118135536652,56.83139534883721,98.00496062656516,62.2,High
SUP-069,10837407.35,636,0.5974842767295597,0.019972366597809297,82.41380503144654,Industrial Partner 069,Packaging,South,22,37.86741710455816,59.74842767295597,98.00276334021906,61.7,High
SUP-052,11638329.82,667,0.7901049475262368,0.014442785956990858,84.5760419790105,Industrial Partner 052,Packaging,Central,8,15.698498195092236,79.01049475262369,98.55572140430091,61.7,High
SUP-012,11603940.0,673,0.7786032689450223,0.014291211670351646,84.6444130757801,Industrial Partner 012,Packaging,West,15,14.99750503995072,77.86032689450224,98.57087883296484,61.0,High
SUP-054,11268424.17,701,0.5549215406562055,0.019635187255094114,82.1911697574893,Industrial Partner 054,MRO,West,5,40.150045444761716,55.49215406562055,98.03648127449058,60.8,High
SUP-066,11907053.44,668,0.781437125748503,0.010667835637912224,84.82752994011976,Industrial Partner 066,Packaging,West,16,13.120049878954,78.1437125748503,98.93321643620878,60.6,High
SUP-015,11293619.1,641,0.7925117004680188,0.008394053320139604,85.05928237129486,Industrial Partner 015,Packaging,Central,6,10.743945419366174,79.25117004680187,99.16059466798603,60.3,High
SUP-064,11233295.71,665,0.5639097744360902,0.02021145225882477,82.48954887218045,Industrial Partner 064,Plumbing,South,29,37.09083289855184,56.390977443609025,97.97885477411752,60.0,High
SUP-056,10958538.23,617,0.7552674230145867,0.011344411467276168,84.6847811993517,Industrial Partner 056,Safety,East,26,14.583619938692705,75.52674230145867,98.86555885327239,60.0,High
SUP-039,11472396.5,669,0.5829596412556054,0.02055896939226286,82.8314798206278,Industrial Partner 039,Packaging,West,9,33.58509340163577,58.29596412556054,97.94410306077371,59.6,High
SUP-001,12391887.54,676,0.7943786982248521,0.012113913801542243,85.24019230769231,Industrial Partner 001,HVAC,East,5,8.889117383784662,79.43786982248521,98.78860861984577,59.6,High
SUP-029,10631331.540000001,663,0.5942684766214178,0.01885713090307864,83.02069381598794,Industrial Partner 029,Electrical,East,30,31.6451257563688,59.42684766214178,98.11428690969214,59.4,High
SUP-014,11868987.49,664,0.5948795180722891,0.019788354511866366,83.36701807228916,Industrial Partner 014,MRO,West,6,28.09434268286124,59.48795180722891,98.02116454881336,58.1,High
SUP-048,12191741.23,705,0.7886524822695036,0.016924744900657453,85.57371631205675,Industrial Partner 048,MRO,West,18,5.469572354066399,78.86524822695036,98.30752550993425,58.0,High
SUP-022,11474339.03,651,0.7803379416282642,0.013825648072718738,86.10718894009216,Industrial Partner 022,Packaging,Central,9,0.0,78.03379416282642,98.61743519272814,55.9,High
SUP-074,10871758.27,631,0.5356576862123613,0.02048512136985316,83.78549920760697,Industrial Partner 074,Packaging,South,16,23.80375169816179,53.56576862123613,97.95148786301469,54.2,High
SUP-004,11300368.88,650,0.563076923076923,0.019870043550035917,84.87972307692307,Industrial Partner 004,Packaging,Central,20,12.584925632406074,56.30769230769231,98.01299564499641,51.4,High
