po_id,supplier_id,order_date,promised_date,actual_date,quantity,unit_price,defect_qty,spend,on_time,defect_rate
PO-0001,SUP-15,2025-09-20,2025-10-08,2025-10-08,144,48.35,2,6962.400000000001,1,0.013888888888888888
PO-0002,SUP-06,2025-03-12,2025-04-03,2025-04-03,316,18.73,3,5918.68,1,0.00949367088607595
PO-0003,SUP-08,2025-03-30,2025-04-04,2025-04-04,262,51.96,3,13613.52,1,0.011450381679389313
PO-0004,SUP-07,2025-07-15,2025-07-30,2025-07-30,47,146.94,1,6906.18,1,0.02127659574468085
PO-0005,SUP-03,2025-07-13,2025-07-24,2025-07-25,146,102.95,0,15030.7,0,0.0
PO-0006,SUP-01,2025-01-08,2025-01-18,2025-01-21,142,134.0,2,19028.0,0,0.014084507042253521
PO-0007,SUP-05,2025-08-25,2025-09-08,2025-09-08,388,153.31,3,59484.28,1,0.007731958762886598
PO-0008,SUP-05,2025-06-08,2025-06-22,2025-06-22,274,21.55,1,5904.7,1,0.0036496350364963502
PO-0009,SUP-04,2025-03-29,2025-04-06,2025-04-06,53,109.42,3,5799.26,1,0.05660377358490566
PO-0010,SUP-15,2025-06-22,2025-07-10,2025-07-09,101,64.19,0,6483.19,1,0.0
PO-0011,SUP-15,2025-08-13,2025-08-31,2025-08-31,137,114.08,1,15628.96,1,0.0072992700729927005
PO-0012,SUP-08,2025-03-23,2025-03-28,2025-03-28,205,11.65,4,2388.25,1,0.01951219512195122
PO-0013,SUP-15,2025-10-13,2025-10-31,2025-10-31,141,134.77,0,19002.57,1,0.0
PO-0014,SUP-15,2025-01-01,2025-01-19,2025-01-19,397,66.39,5,26356.83,1,0.012594458438287154
PO-0015,SUP-09,2025-07-17,2025-08-10,2025-08-11,30,5.09,2,152.7,0,0.06666666666666667
PO-0016,SUP-08,2025-12-27,2026-01-01,2026-01-02,71,93.52,3,6639.92,0,0.04225352112676056
PO-0017,SUP-15,2025-07-26,2025-08-13,2025-08-13,154,124.84,1,19225.36,1,0.006493506493506494
PO-0018,SUP-09,2025-03-08,2025-04-01,2025-04-01,81,157.37,1,12746.970000000001,1,0.012345679012345678
PO-0019,SUP-08,2025-06-10,2025-06-15,2025-06-14,54,134.61,1,7268.9400000000005,1,0.018518518518518517
PO-0020,SUP-01,2025-06-01,2025-06-11,2025-06-11,139,150.11,1,20865.29,1,0.007194244604316547
PO-0021,SUP-12,2025-10-19,2025-11-01,2025-11-01,359,71.52,5,25675.68,1,0.013927576601671309
PO-0022,SUP-09,2025-03-01,2025-03-25,2025-03-25,361,106.15,7,38320.15,1,0.019390581717451522
PO-0023,SUP-02,2025-08-21,2025-08-28,2025-08-27,164,63.19,1,10363.16,1,0.006097560975609756
PO-0024,SUP-11,2025-06-02,2025-06-08,2025-06-08,283,109.07,3,30866.809999999998,1,0.01060070671378092
PO-0025,SUP-09,2025-02-11,2025-03-07,2025-03-08,160,12.25,2,1960.0,0,0.0125
PO-0026,SUP-09,2025-10-05,2025-10-29,2025-10-27,39,44.04,0,1717.56,1,0.0
PO-0027,SUP-08,2025-11-28,2025-12-03,2025-12-03,139,24.01,2,3337.3900000000003,1,0.014388489208633094
PO-0028,SUP-10,2025-04-22,2025-05-02,2025-05-03,161,127.07,3,20458.27,0,0.018633540372670808
PO-0029,SUP-06,2025-06-09,2025-07-01,2025-07-01,247,120.77,1,29830.19,1,0.004048582995951417
PO-0030,SUP-12,2025-02-11,2025-02-24,2025-02-26,86,10.26,0,882.36,0,0.0
PO-0031,SUP-14,2025-08-30,2025-09-06,2025-09-08,44,97.07,1,4271.08,0,0.022727272727272728
PO-0032,SUP-05,2025-05-30,2025-06-13,2025-06-14,133,154.83,0,20592.390000000003,0,0.0
PO-0033,SUP-15,2025-07-18,2025-08-05,2025-08-05,60,80.43,0,4825.8,1,0.0
PO-0034,SUP-02,2025-09-27,2025-10-04,2025-10-04,84,73.07,1,6137.879999999999,1,0.011904761904761904
PO-0035,SUP-02,2025-03-03,2025-03-10,2025-03-08,226,19.64,2,4438.64,1,0.008849557522123894
PO-0036,SUP-08,2025-09-01,2025-09-06,2025-09-06,63,69.03,1,4348.89,1,0.015873015873015872
PO-0037,SUP-03,2025-12-03,2025-12-14,2025-12-14,306,146.5,4,44829.0,1,0.013071895424836602
PO-0038,SUP-15,2025-05-02,2025-05-20,2025-05-20,238,119.99,4,28557.62,1,0.01680672268907563
PO-0039,SUP-14,2025-07-13,2025-07-20,2025-07-20,107,127.53,3,13645.710000000001,1,0.028037383177570093
PO-0040,SUP-01,2025-12-13,2025-12-23,2025-12-23,90,41.85,1,3766.5,1,0.011111111111111112
PO-0041,SUP-07,2025-12-19,2026-01-03,2026-01-03,53,80.31,2,4256.43,1,0.03773584905660377
PO-0042,SUP-03,2025-09-09,2025-09-20,2025-09-19,277,57.35,5,15885.95,1,0.018050541516245487
PO-0043,SUP-06,2025-08-13,2025-09-04,2025-09-05,248,37.77,4,9366.960000000001,0,0.016129032258064516
PO-0044,SUP-09,2025-06-14,2025-07-08,2025-07-08,275,77.65,6,21353.75,1,0.02181818181818182
PO-0045,SUP-08,2025-03-14,2025-03-19,2025-03-18,327,60.97,4,19937.19,1,0.012232415902140673
PO-0046,SUP-15,2025-10-12,2025-10-30,2025-10-29,124,14.85,0,1841.3999999999999,1,0.0
PO-0047,SUP-03,2025-12-04,2025-12-15,2025-12-15,331,139.71,4,46244.01,1,0.012084592145015106
PO-0048,SUP-06,2025-08-07,2025-08-29,2025-08-29,91,99.28,0,9034.48,1,0.0
PO-0049,SUP-07,2025-03-16,2025-03-31,2025-03-31,231,75.36,5,17408.16,1,0.021645021645021644
PO-0050,SUP-04,2025-03-20,2025-03-28,2025-03-28,124,37.56,1,4657.4400000000005,1,0.008064516129032258
PO-0051,SUP-12,2025-01-27,2025-02-09,2025-02-08,162,27.51,2,4456.62,1,0.012345679012345678
PO-0052,SUP-01,2025-10-17,2025-10-27,2025-10-27,268,20.49,2,5491.32,1,0.007462686567164179
PO-0053,SUP-03,2025-04-15,2025-04-26,2025-04-26,388,120.68,5,46823.840000000004,1,0.01288659793814433
PO-0054,SUP-06,2025-04-25,2025-05-17,2025-05-17,214,151.15,6,32346.100000000002,1,0.028037383177570093
PO-0055,SUP-07,2025-04-01,2025-04-16,2025-04-16,163,144.57,0,23564.91,1,0.0
PO-0056,SUP-06,2025-02-20,2025-03-14,2025-03-14,256,16.2,2,4147.2,1,0.0078125
PO-0057,SUP-07,2025-09-16,2025-10-01,2025-10-01,133,10.35,1,1376.55,1,0.007518796992481203
PO-0058,SUP-11,2025-07-04,2025-07-10,2025-07-10,361,113.75,4,41063.75,1,0.0110803324099723
PO-0059,SUP-09,2025-01-04,2025-01-28,2025-01-30,316,17.41,10,5501.56,0,0.03164556962025317
PO-0060,SUP-01,2025-05-20,2025-05-30,2025-05-30,77,70.23,1,5407.71,1,0.012987012987012988
PO-0061,SUP-11,2025-08-15,2025-08-21,2025-08-21,202,87.97,2,17769.94,1,0.009900990099009901
PO-0062,SUP-02,2025-02-15,2025-02-22,2025-02-22,177,97.35,0,17230.95,1,0.0
PO-0063,SUP-07,2025-03-04,2025-03-19,2025-03-19,114,126.83,2,14458.619999999999,1,0.017543859649122806
PO-0064,SUP-03,2025-07-02,2025-07-13,2025-07-13,136,21.15,3,2876.3999999999996,1,0.022058823529411766
PO-0065,SUP-06,2025-08-24,2025-09-15,2025-09-16,161,102.4,3,16486.4,0,0.018633540372670808
PO-0066,SUP-08,2025-04-12,2025-04-17,2025-04-18,53,65.43,2,3467.7900000000004,0,0.03773584905660377
PO-0067,SUP-10,2025-08-11,2025-08-21,2025-08-22,59,149.7,1,8832.3,0,0.01694915254237288
PO-0068,SUP-10,2025-09-05,2025-09-15,2025-09-15,107,111.8,1,11962.6,1,0.009345794392523364
PO-0069,SUP-08,2025-07-24,2025-07-29,2025-07-29,133,49.89,5,6635.37,1,0.03759398496240601
PO-0070,SUP-05,2025-10-28,2025-11-11,2025-11-11,142,78.46,0,11141.32,1,0.0
PO-0071,SUP-04,2025-02-02,2025-02-10,2025-02-10,112,125.61,3,14068.32,1,0.026785714285714284
PO-0072,SUP-06,2025-09-03,2025-09-25,2025-09-23,24,66.12,0,1586.88,1,0.0
PO-0073,SUP-12,2025-12-25,2026-01-07,2026-01-05,17,57.49,0,977.33,1,0.0
PO-0074,SUP-07,2025-10-24,2025-11-08,2025-11-08,104,50.41,4,5242.639999999999,1,0.038461538461538464
PO-0075,SUP-07,2025-01-03,2025-01-18,2025-01-18,110,153.97,1,16936.7,1,0.00909090909090909
PO-0076,SUP-03,2025-12-15,2025-12-26,2025-12-27,383,159.62,8,61134.46,0,0.020887728459530026
PO-0077,SUP-07,2025-05-09,2025-05-24,2025-05-27,370,97.14,4,35941.8,0,0.010810810810810811
PO-0078,SUP-13,2025-08-29,2025-09-19,2025-09-19,213,49.83,3,10613.789999999999,1,0.014084507042253521
PO-0079,SUP-15,2025-12-22,2026-01-09,2026-01-10,95,107.62,0,10223.9,0,0.0
PO-0080,SUP-05,2025-07-15,2025-07-29,2025-07-30,123,72.05,0,8862.15,0,0.0
PO-0081,SUP-08,2025-10-23,2025-10-28,2025-10-27,336,153.1,5,51441.6,1,0.01488095238095238
PO-0082,SUP-01,2025-06-30,2025-07-10,2025-07-09,362,79.66,4,28836.92,1,0.011049723756906077
PO-0083,SUP-09,2025-01-05,2025-01-29,2025-01-29,24,120.89,1,2901.36,1,0.041666666666666664
PO-0084,SUP-01,2025-01-11,2025-01-21,2025-01-21,315,127.76,5,40244.4,1,0.015873015873015872
PO-0085,SUP-03,2025-05-31,2025-06-11,2025-06-11,79,136.56,0,10788.24,1,0.0
PO-0086,SUP-12,2025-03-02,2025-03-15,2025-03-16,257,42.38,0,10891.66,0,0.0
PO-0087,SUP-07,2025-02-09,2025-02-24,2025-02-25,318,121.1,2,38509.799999999996,0,0.006289308176100629
PO-0088,SUP-02,2025-12-08,2025-12-15,2025-12-14,39,6.33,1,246.87,1,0.02564102564102564
PO-0089,SUP-03,2025-06-13,2025-06-24,2025-06-24,241,77.14,2,18590.74,1,0.008298755186721992
PO-0090,SUP-02,2025-04-07,2025-04-14,2025-04-16,129,73.63,2,9498.269999999999,0,0.015503875968992248
PO-0091,SUP-10,2025-07-19,2025-07-29,2025-07-29,332,81.02,4,26898.64,1,0.012048192771084338
PO-0092,SUP-05,2025-10-24,2025-11-07,2025-11-07,100,23.6,1,2360.0,1,0.01
PO-0093,SUP-12,2025-07-19,2025-08-01,2025-07-30,355,146.38,6,51964.9,1,0.016901408450704224
PO-0094,SUP-09,2025-07-22,2025-08-15,2025-08-16,193,124.33,6,23995.69,0,0.031088082901554404
PO-0095,SUP-15,2025-10-04,2025-10-22,2025-10-23,50,153.63,0,7681.5,0,0.0
PO-0096,SUP-06,2025-07-02,2025-07-24,2025-07-25,77,98.98,2,7621.46,0,0.025974025974025976
PO-0097,SUP-11,2025-02-15,2025-02-21,2025-02-21,338,158.03,7,53414.14,1,0.020710059171597635
PO-0098,SUP-12,2025-06-03,2025-06-16,2025-06-16,144,43.67,2,6288.4800000000005,1,0.013888888888888888
PO-0099,SUP-06,2025-05-27,2025-06-18,2025-06-19,222,131.42,2,29175.239999999998,0,0.009009009009009009
PO-0100,SUP-08,2025-08-14,2025-08-19,2025-08-19,66,149.77,2,9884.820000000002,1,0.030303030303030304
PO-0101,SUP-12,2025-02-02,2025-02-15,2025-02-18,107,159.05,0,17018.350000000002,0,0.0
PO-0102,SUP-02,2025-06-09,2025-06-16,2025-06-16,192,58.81,4,11291.52,1,0.020833333333333332
PO-0103,SUP-01,2025-12-22,2026-01-01,2026-01-01,327,113.29,0,37045.83,1,0.0
PO-0104,SUP-08,2025-10-07,2025-10-12,2025-10-12,212,37.99,4,8053.88,1,0.018867924528301886
PO-0105,SUP-14,2025-03-25,2025-04-01,2025-04-01,92,14.44,1,1328.48,1,0.010869565217391304
PO-0106,SUP-08,2025-09-05,2025-09-10,2025-09-10,252,14.07,8,3545.64,1,0.031746031746031744
PO-0107,SUP-08,2025-12-30,2026-01-04,2026-01-05,306,141.17,5,43198.02,0,0.016339869281045753
PO-0108,SUP-04,2025-06-24,2025-07-02,2025-07-03,290,40.95,4,11875.5,0,0.013793103448275862
PO-0109,SUP-10,2025-06-12,2025-06-22,2025-06-20,33,5.29,0,174.57,1,0.0
PO-0110,SUP-15,2025-05-03,2025-05-21,2025-05-21,48,76.42,0,3668.16,1,0.0
PO-0111,SUP-11,2025-12-17,2025-12-23,2025-12-23,129,119.94,1,15472.26,1,0.007751937984496124
PO-0112,SUP-05,2025-06-24,2025-07-08,2025-07-07,14,93.07,1,1302.98,1,0.07142857142857142
PO-0113,SUP-15,2025-06-08,2025-06-26,2025-06-26,363,79.11,3,28716.93,1,0.008264462809917356
PO-0114,SUP-03,2025-06-25,2025-07-06,2025-07-07,186,91.73,3,17061.780000000002,0,0.016129032258064516
PO-0115,SUP-10,2025-12-22,2026-01-01,2026-01-01,44,114.26,0,5027.4400000000005,1,0.0
PO-0116,SUP-02,2025-03-15,2025-03-22,2025-03-23,149,116.45,0,17351.05,0,0.0
PO-0117,SUP-14,2025-01-24,2025-01-31,2025-01-30,235,44.02,1,10344.7,1,0.00425531914893617
PO-0118,SUP-15,2025-09-05,2025-09-23,2025-09-23,248,13.27,1,3290.96,1,0.004032258064516129
PO-0119,SUP-11,2025-08-20,2025-08-26,2025-08-24,210,45.03,4,9456.300000000001,1,0.01904761904761905
PO-0120,SUP-02,2025-12-18,2025-12-25,2025-12-25,290,93.01,8,26972.9,1,0.027586206896551724
PO-0121,SUP-02,2025-03-17,2025-03-24,2025-03-24,227,110.47,4,25076.69,1,0.01762114537444934
PO-0122,SUP-13,2025-06-15,2025-07-06,2025-07-06,180,149.41,3,26893.8,1,0.016666666666666666
PO-0123,SUP-13,2025-03-28,2025-04-18,2025-04-18,385,68.36,2,26318.6,1,0.005194805194805195
PO-0124,SUP-07,2025-01-06,2025-01-21,2025-01-23,171,82.64,3,14131.44,0,0.017543859649122806
PO-0125,SUP-09,2025-09-19,2025-10-13,2025-10-14,60,137.78,1,8266.8,0,0.016666666666666666
PO-0126,SUP-06,2025-02-20,2025-03-14,2025-03-16,35,142.96,0,5003.6,0,0.0
PO-0127,SUP-02,2025-12-20,2025-12-27,2025-12-27,86,53.61,2,4610.46,1,0.023255813953488372
PO-0128,SUP-09,2025-09-19,2025-10-13,2025-10-13,77,116.26,3,8952.02,1,0.03896103896103896
PO-0129,SUP-06,2025-06-12,2025-07-04,2025-07-02,43,74.4,1,3199.2000000000003,1,0.023255813953488372
PO-0130,SUP-12,2025-11-15,2025-11-28,2025-11-28,64,84.75,1,5424.0,1,0.015625
PO-0131,SUP-12,2025-09-13,2025-09-26,2025-09-29,235,19.25,6,4523.75,0,0.02553191489361702
PO-0132,SUP-06,2025-08-25,2025-09-16,2025-09-16,381,49.29,3,18779.489999999998,1,0.007874015748031496
PO-0133,SUP-01,2025-07-29,2025-08-08,2025-08-09,170,43.26,0,7354.2,0,0.0
PO-0134,SUP-04,2025-08-10,2025-08-18,2025-08-17,341,123.25,8,42028.25,1,0.02346041055718475
PO-0135,SUP-11,2025-10-13,2025-10-19,2025-10-19,159,11.1,2,1764.8999999999999,1,0.012578616352201259
PO-0136,SUP-05,2025-09-02,2025-09-16,2025-09-16,227,105.44,3,23934.88,1,0.013215859030837005
PO-0137,SUP-02,2025-04-02,2025-04-09,2025-04-09,106,107.88,0,11435.279999999999,1,0.0
PO-0138,SUP-03,2025-06-19,2025-06-30,2025-06-30,210,93.09,7,19548.9,1,0.03333333333333333
PO-0139,SUP-15,2025-07-11,2025-07-29,2025-07-29,22,66.27,1,1457.9399999999998,1,0.045454545454545456
PO-0140,SUP-10,2025-10-09,2025-10-19,2025-10-21,141,15.75,0,2220.75,0,0.0
PO-0141,SUP-05,2025-08-12,2025-08-26,2025-08-24,55,151.15,1,8313.25,1,0.01818181818181818
PO-0142,SUP-10,2025-12-05,2025-12-15,2025-12-13,44,9.05,0,398.20000000000005,1,0.0
PO-0143,SUP-08,2025-04-19,2025-04-24,2025-04-25,155,140.23,3,21735.649999999998,0,0.01935483870967742
PO-0144,SUP-04,2025-07-06,2025-07-14,2025-07-14,110,99.38,2,10931.8,1,0.01818181818181818
PO-0145,SUP-13,2025-01-24,2025-02-14,2025-02-14,12,37.22,0,446.64,1,0.0
PO-0146,SUP-01,2025-12-31,2026-01-10,2026-01-10,206,52.54,3,10823.24,1,0.014563106796116505
PO-0147,SUP-15,2025-11-20,2025-12-08,2025-12-10,376,64.13,3,24112.879999999997,0,0.007978723404255319
PO-0148,SUP-03,2025-12-26,2026-01-06,2026-01-08,385,91.02,11,35042.7,0,0.02857142857142857
PO-0149,SUP-08,2025-07-06,2025-07-11,2025-07-11,352,43.94,6,15466.88,1,0.017045454545454544
PO-0150,SUP-01,2025-02-26,2025-03-08,2025-03-08,312,81.35,2,25381.199999999997,1,0.00641025641025641
PO-0151,SUP-07,2025-07-26,2025-08-10,2025-08-08,44,90.67,0,3989.48,1,0.0
PO-0152,SUP-02,2025-01-03,2025-01-10,2025-01-12,30,53.29,0,1598.7,0,0.0
PO-0153,SUP-08,2025-09-24,2025-09-29,2025-09-29,160,98.67,2,15787.2,1,0.0125
PO-0154,SUP-13,2025-03-07,2025-03-28,2025-03-26,319,152.66,4,48698.54,1,0.012539184952978056
PO-0155,SUP-06,2025-09-15,2025-10-07,2025-10-08,369,57.3,3,21143.7,0,0.008130081300813009
PO-0156,SUP-01,2025-03-04,2025-03-14,2025-03-12,78,158.44,2,12358.32,1,0.02564102564102564
PO-0157,SUP-03,2025-04-01,2025-04-12,2025-04-12,97,3.07,2,297.78999999999996,1,0.020618556701030927
PO-0158,SUP-05,2025-08-19,2025-09-02,2025-08-31,217,58.78,5,12755.26,1,0.02304147465437788
PO-0159,SUP-09,2025-12-03,2025-12-27,2025-12-26,318,103.85,5,33024.299999999996,1,0.015723270440251572
PO-0160,SUP-14,2025-11-14,2025-11-21,2025-11-21,259,23.06,9,5972.54,1,0.03474903474903475
PO-0161,SUP-12,2025-02-16,2025-03-01,2025-03-04,379,25.0,3,9475.0,0,0.0079155672823219
PO-0162,SUP-10,2025-08-25,2025-09-04,2025-09-04,109,84.08,1,9164.72,1,0.009174311926605505
PO-0163,SUP-13,2025-01-12,2025-02-02,2025-02-03,99,143.66,0,14222.34,0,0.0
PO-0164,SUP-13,2025-12-20,2026-01-10,2026-01-09,216,46.9,2,10130.4,1,0.009259259259259259
PO-0165,SUP-15,2025-07-09,2025-07-27,2025-07-28,280,16.28,3,4558.400000000001,0,0.010714285714285714
PO-0166,SUP-12,2025-05-22,2025-06-04,2025-06-07,17,146.38,1,2488.46,0,0.058823529411764705
PO-0167,SUP-03,2025-12-31,2026-01-11,2026-01-13,379,119.66,6,45351.14,0,0.0158311345646438
PO-0168,SUP-09,2025-03-06,2025-03-30,2025-03-29,323,68.94,6,22267.62,1,0.018575851393188854
PO-0169,SUP-09,2025-12-28,2026-01-21,2026-01-19,186,134.82,1,25076.52,1,0.005376344086021506
PO-0170,SUP-01,2025-03-13,2025-03-23,2025-03-23,279,81.21,3,22657.589999999997,1,0.010752688172043012
PO-0171,SUP-03,2025-05-01,2025-05-12,2025-05-13,370,145.01,6,53653.7,0,0.016216216216216217
PO-0172,SUP-15,2025-01-19,2025-02-06,2025-02-06,324,10.67,3,3457.08,1,0.009259259259259259
PO-0173,SUP-15,2025-04-28,2025-05-16,2025-05-14,162,22.61,1,3662.8199999999997,1,0.006172839506172839
PO-0174,SUP-02,2025-09-27,2025-10-04,2025-10-04,331,47.08,3,15583.48,1,0.00906344410876133
PO-0175,SUP-05,2025-03-06,2025-03-20,2025-03-19,120,65.77,0,7892.4,1,0.0
PO-0176,SUP-11,2025-03-26,2025-04-01,2025-04-03,266,32.97,4,8770.02,0,0.015037593984962405
PO-0177,SUP-05,2025-02-09,2025-02-23,2025-02-23,61,17.39,2,1060.79,1,0.03278688524590164
PO-0178,SUP-06,2025-04-30,2025-05-22,2025-05-24,157,136.94,2,21499.579999999998,0,0.012738853503184714
PO-0179,SUP-07,2025-09-07,2025-09-22,2025-09-21,24,75.93,0,1822.3200000000002,1,0.0
PO-0180,SUP-13,2025-04-27,2025-05-18,2025-05-18,280,56.34,8,15775.2,1,0.02857142857142857
PO-0181,SUP-13,2025-04-04,2025-04-25,2025-04-26,91,103.4,1,9409.4,0,0.01098901098901099
PO-0182,SUP-06,2025-01-14,2025-02-05,2025-02-05,252,45.35,1,11428.2,1,0.003968253968253968
PO-0183,SUP-05,2025-07-07,2025-07-21,2025-07-20,388,22.11,4,8578.68,1,0.010309278350515464
PO-0184,SUP-13,2025-12-29,2026-01-19,2026-01-19,351,156.96,4,55092.96000000001,1,0.011396011396011397
PO-0185,SUP-06,2025-11-18,2025-12-10,2025-12-10,377,90.57,1,34144.89,1,0.002652519893899204
PO-0186,SUP-10,2025-10-02,2025-10-12,2025-10-12,174,111.5,3,19401.0,1,0.017241379310344827
PO-0187,SUP-07,2025-06-25,2025-07-10,2025-07-12,184,130.26,1,23967.839999999997,0,0.005434782608695652
PO-0188,SUP-11,2025-11-17,2025-11-23,2025-11-23,18,58.41,0,1051.3799999999999,1,0.0
PO-0189,SUP-04,2025-04-07,2025-04-15,2025-04-14,150,151.56,5,22734.0,1,0.03333333333333333
PO-0190,SUP-06,2025-04-23,2025-05-15,2025-05-15,266,32.2,3,8565.2,1,0.011278195488721804
PO-0191,SUP-11,2025-07-12,2025-07-18,2025-07-19,164,45.96,1,7537.4400000000005,0,0.006097560975609756
PO-0192,SUP-06,2025-05-06,2025-05-28,2025-05-28,158,52.91,0,8359.779999999999,1,0.0
PO-0193,SUP-05,2025-05-24,2025-06-07,2025-06-07,15,61.45,0,921.75,1,0.0
PO-0194,SUP-05,2025-08-02,2025-08-16,2025-08-14,35,89.12,0,3119.2000000000003,1,0.0
PO-0195,SUP-12,2025-07-04,2025-07-17,2025-07-17,314,152.7,3,47947.799999999996,1,0.009554140127388535
PO-0196,SUP-12,2025-12-20,2026-01-02,2026-01-02,338,117.19,4,39610.22,1,0.011834319526627219
PO-0197,SUP-13,2025-12-21,2026-01-11,2026-01-13,253,147.36,3,37282.08,0,0.011857707509881422
PO-0198,SUP-07,2025-07-20,2025-08-04,2025-08-04,135,39.36,5,5313.6,1,0.037037037037037035
PO-0199,SUP-04,2025-04-05,2025-04-13,2025-04-14,272,42.94,9,11679.68,0,0.03308823529411765
PO-0200,SUP-11,2025-11-07,2025-11-13,2025-11-13,158,123.19,0,19464.02,1,0.0
PO-0201,SUP-06,2025-06-01,2025-06-23,2025-06-22,234,143.25,5,33520.5,1,0.021367521367521368
PO-0202,SUP-09,2025-04-07,2025-05-01,2025-05-02,282,138.54,5,39068.28,0,0.01773049645390071
PO-0203,SUP-12,2025-02-15,2025-02-28,2025-02-28,155,58.26,3,9030.3,1,0.01935483870967742
PO-0204,SUP-07,2025-08-13,2025-08-28,2025-08-28,264,7.18,2,1895.52,1,0.007575757575757576
PO-0205,SUP-02,2025-08-05,2025-08-12,2025-08-12,334,39.57,6,13216.38,1,0.017964071856287425
PO-0206,SUP-10,2025-04-25,2025-05-05,2025-05-07,291,12.39,5,3605.4900000000002,0,0.01718213058419244
PO-0207,SUP-01,2025-05-23,2025-06-02,2025-06-02,193,76.88,0,14837.839999999998,1,0.0
PO-0208,SUP-05,2025-12-28,2026-01-11,2026-01-11,189,61.2,0,11566.800000000001,1,0.0
PO-0209,SUP-06,2025-09-11,2025-10-03,2025-10-04,391,72.09,3,28187.190000000002,0,0.0076726342710997444
PO-0210,SUP-01,2025-09-15,2025-09-25,2025-09-25,185,122.5,4,22662.5,1,0.021621621621621623
PO-0211,SUP-01,2025-09-23,2025-10-03,2025-10-03,113,31.39,2,3547.07,1,0.017699115044247787
PO-0212,SUP-06,2025-12-15,2026-01-06,2026-01-06,79,128.43,1,10145.970000000001,1,0.012658227848101266
PO-0213,SUP-02,2025-11-24,2025-12-01,2025-11-30,88,151.22,3,13307.36,1,0.03409090909090909
PO-0214,SUP-08,2025-07-02,2025-07-07,2025-07-07,112,40.59,0,4546.08,1,0.0
PO-0215,SUP-10,2025-07-04,2025-07-14,2025-07-15,394,39.72,3,15649.68,0,0.007614213197969543
PO-0216,SUP-02,2025-08-17,2025-08-24,2025-08-24,43,109.98,0,4729.14,1,0.0
PO-0217,SUP-13,2025-10-08,2025-10-29,2025-10-29,345,11.18,5,3857.1,1,0.014492753623188406
PO-0218,SUP-05,2025-01-04,2025-01-18,2025-01-20,312,23.98,4,7481.76,0,0.01282051282051282
PO-0219,SUP-07,2025-02-13,2025-02-28,2025-02-28,52,42.11,2,2189.72,1,0.038461538461538464
PO-0220,SUP-10,2025-11-05,2025-11-15,2025-11-15,18,12.18,0,219.24,1,0.0
PO-0221,SUP-07,2025-10-04,2025-10-19,2025-10-20,230,57.62,5,13252.599999999999,0,0.021739130434782608
PO-0222,SUP-05,2025-04-06,2025-04-20,2025-04-21,53,25.78,1,1366.3400000000001,0,0.018867924528301886
PO-0223,SUP-12,2025-12-13,2025-12-26,2025-12-26,65,3.96,1,257.4,1,0.015384615384615385
PO-0224,SUP-12,2025-04-14,2025-04-27,2025-04-27,318,81.64,6,25961.52,1,0.018867924528301886
PO-0225,SUP-10,2025-05-11,2025-05-21,2025-05-21,99,145.97,0,14451.03,1,0.0
PO-0226,SUP-08,2025-02-20,2025-02-25,2025-02-25,98,106.82,0,10468.359999999999,1,0.0
PO-0227,SUP-06,2025-08-06,2025-08-28,2025-08-28,305,21.19,0,6462.950000000001,1,0.0
PO-0228,SUP-09,2025-05-15,2025-06-08,2025-06-09,307,39.07,9,11994.49,0,0.029315960912052116
PO-0229,SUP-02,2025-09-22,2025-09-29,2025-09-29,390,24.38,4,9508.199999999999,1,0.010256410256410256
PO-0230,SUP-02,2025-12-27,2026-01-03,2026-01-03,109,62.88,2,6853.92,1,0.01834862385321101
PO-0231,SUP-07,2025-07-27,2025-08-11,2025-08-13,74,97.32,0,7201.679999999999,0,0.0
PO-0232,SUP-14,2025-12-05,2025-12-12,2025-12-10,12,129.38,0,1552.56,1,0.0
PO-0233,SUP-01,2025-05-03,2025-05-13,2025-05-13,333,89.25,0,29720.25,1,0.0
PO-0234,SUP-08,2025-04-07,2025-04-12,2025-04-13,71,92.87,3,6593.77,0,0.04225352112676056
PO-0235,SUP-09,2025-06-01,2025-06-25,2025-06-26,120,26.97,1,3236.3999999999996,0,0.008333333333333333
PO-0236,SUP-06,2025-01-08,2025-01-30,2025-01-30,157,78.03,0,12250.710000000001,1,0.0
PO-0237,SUP-01,2025-11-01,2025-11-11,2025-11-11,148,59.33,1,8780.84,1,0.006756756756756757
PO-0238,SUP-15,2025-12-01,2025-12-19,2025-12-19,105,141.46,2,14853.300000000001,1,0.01904761904761905
PO-0239,SUP-06,2025-01-04,2025-01-26,2025-01-24,61,129.67,0,7909.869999999999,1,0.0
PO-0240,SUP-07,2025-05-04,2025-05-19,2025-05-19,335,37.64,5,12609.4,1,0.014925373134328358
PO-0241,SUP-06,2025-01-10,2025-02-01,2025-02-01,310,66.05,5,20475.5,1,0.016129032258064516
PO-0242,SUP-07,2025-12-06,2025-12-21,2025-12-21,343,17.99,3,6170.57,1,0.008746355685131196
PO-0243,SUP-13,2025-01-17,2025-02-07,2025-02-07,44,116.75,1,5137.0,1,0.022727272727272728
PO-0244,SUP-02,2025-12-27,2026-01-03,2026-01-03,315,139.84,5,44049.6,1,0.015873015873015872
PO-0245,SUP-06,2025-04-20,2025-05-12,2025-05-14,76,7.54,1,573.04,0,0.013157894736842105
PO-0246,SUP-06,2025-07-04,2025-07-26,2025-07-26,311,123.71,0,38473.81,1,0.0
PO-0247,SUP-13,2025-11-05,2025-11-26,2025-11-25,263,114.45,5,30100.350000000002,1,0.019011406844106463
PO-0248,SUP-12,2025-08-01,2025-08-14,2025-08-14,271,88.17,4,23894.07,1,0.014760147601476014
PO-0249,SUP-14,2025-07-07,2025-07-14,2025-07-14,279,28.4,4,7923.599999999999,1,0.014336917562724014
PO-0250,SUP-02,2025-09-20,2025-09-27,2025-09-27,228,4.28,0,975.84,1,0.0
PO-0251,SUP-03,2025-10-19,2025-10-30,2025-10-30,96,90.57,2,8694.72,1,0.020833333333333332
PO-0252,SUP-04,2025-01-25,2025-02-02,2025-02-02,153,21.19,1,3242.07,1,0.006535947712418301
PO-0253,SUP-11,2025-12-16,2025-12-22,2025-12-22,18,113.08,0,2035.44,1,0.0
PO-0254,SUP-06,2025-05-30,2025-06-21,2025-06-21,188,7.22,1,1357.36,1,0.005319148936170213
PO-0255,SUP-13,2025-05-24,2025-06-14,2025-06-14,202,65.51,4,13233.02,1,0.019801980198019802
PO-0256,SUP-03,2025-09-14,2025-09-25,2025-09-23,250,43.99,5,10997.5,1,0.02
PO-0257,SUP-07,2025-01-07,2025-01-22,2025-01-22,155,43.7,1,6773.5,1,0.0064516129032258064
PO-0258,SUP-12,2025-06-01,2025-06-14,2025-06-14,221,107.14,3,23677.94,1,0.013574660633484163
PO-0259,SUP-04,2025-06-22,2025-06-30,2025-07-01,333,96.68,4,32194.440000000002,0,0.012012012012012012
PO-0260,SUP-05,2025-02-04,2025-02-18,2025-02-18,385,4.77,5,1836.4499999999998,1,0.012987012987012988
PO-0261,SUP-01,2025-01-22,2025-02-01,2025-01-30,311,55.54,3,17272.94,1,0.00964630225080386
PO-0262,SUP-09,2025-01-29,2025-02-22,2025-02-24,121,154.91,4,18744.11,0,0.03305785123966942
PO-0263,SUP-08,2025-05-09,2025-05-14,2025-05-14,359,133.54,6,47940.86,1,0.016713091922005572
PO-0264,SUP-10,2025-04-02,2025-04-12,2025-04-12,343,115.95,1,39770.85,1,0.0029154518950437317
PO-0265,SUP-15,2025-05-13,2025-05-31,2025-05-31,49,142.5,0,6982.5,1,0.0
PO-0266,SUP-05,2025-06-26,2025-07-10,2025-07-10,93,49.68,1,4620.24,1,0.010752688172043012
PO-0267,SUP-10,2025-04-10,2025-04-20,2025-04-20,135,67.56,0,9120.6,1,0.0
PO-0268,SUP-08,2025-09-14,2025-09-19,2025-09-19,321,13.61,6,4368.8099999999995,1,0.018691588785046728
PO-0269,SUP-13,2025-01-07,2025-01-28,2025-01-28,209,64.24,2,13426.159999999998,1,0.009569377990430622
PO-0270,SUP-02,2025-08-16,2025-08-23,2025-08-23,57,58.0,3,3306.0,1,0.05263157894736842
PO-0271,SUP-08,2025-01-20,2025-01-25,2025-01-25,101,141.93,1,14334.93,1,0.009900990099009901
PO-0272,SUP-02,2025-06-08,2025-06-15,2025-06-14,184,146.57,1,26968.879999999997,1,0.005434782608695652
PO-0273,SUP-03,2025-01-30,2025-02-10,2025-02-10,361,99.19,8,35807.59,1,0.0221606648199446
PO-0274,SUP-01,2025-07-14,2025-07-24,2025-07-24,112,71.35,4,7991.199999999999,1,0.03571428571428571
PO-0275,SUP-06,2025-10-11,2025-11-02,2025-11-02,281,14.55,3,4088.55,1,0.010676156583629894
PO-0276,SUP-11,2025-04-05,2025-04-11,2025-04-11,197,145.26,1,28616.219999999998,1,0.005076142131979695
PO-0277,SUP-15,2025-06-27,2025-07-15,2025-07-13,44,25.38,0,1116.72,1,0.0
PO-0278,SUP-05,2025-07-20,2025-08-03,2025-08-01,260,132.23,2,34379.799999999996,1,0.007692307692307693
PO-0279,SUP-11,2025-02-10,2025-02-16,2025-02-16,221,116.37,3,25717.77,1,0.013574660633484163
PO-0280,SUP-08,2025-12-13,2025-12-18,2025-12-21,370,84.65,6,31320.500000000004,0,0.016216216216216217
PO-0281,SUP-04,2025-04-07,2025-04-15,2025-04-13,387,118.39,10,45816.93,1,0.025839793281653745
PO-0282,SUP-10,2025-07-09,2025-07-19,2025-07-19,129,58.03,2,7485.87,1,0.015503875968992248
PO-0283,SUP-02,2025-07-29,2025-08-05,2025-08-04,61,61.91,2,3776.5099999999998,1,0.03278688524590164
PO-0284,SUP-07,2025-04-01,2025-04-16,2025-04-15,93,52.81,0,4911.33,1,0.0
PO-0285,SUP-14,2025-07-24,2025-07-31,2025-07-31,18,56.53,0,1017.54,1,0.0
PO-0286,SUP-09,2025-08-31,2025-09-24,2025-09-24,184,7.5,7,1380.0,1,0.03804347826086957
PO-0287,SUP-12,2025-04-03,2025-04-16,2025-04-18,23,5.4,0,124.2,0,0.0
PO-0288,SUP-12,2025-10-16,2025-10-29,2025-10-27,345,71.37,2,24622.65,1,0.005797101449275362
PO-0289,SUP-07,2025-05-28,2025-06-12,2025-06-12,315,7.62,5,2400.3,1,0.015873015873015872
PO-0290,SUP-07,2025-06-18,2025-07-03,2025-07-04,75,143.51,0,10763.25,0,0.0
PO-0291,SUP-11,2025-12-29,2026-01-04,2026-01-02,373,21.0,2,7833.0,1,0.005361930294906166
PO-0292,SUP-12,2025-04-30,2025-05-13,2025-05-12,224,135.0,6,30240.0,1,0.026785714285714284
PO-0293,SUP-07,2025-04-19,2025-05-04,2025-05-04,257,145.13,7,37298.409999999996,1,0.027237354085603113
PO-0294,SUP-11,2025-06-22,2025-06-28,2025-07-01,354,153.01,0,54165.53999999999,0,0.0
PO-0295,SUP-14,2025-05-03,2025-05-10,2025-05-10,66,159.08,2,10499.28,1,0.030303030303030304
PO-0296,SUP-01,2025-11-18,2025-11-28,2025-11-26,184,136.11,2,25044.24,1,0.010869565217391304
PO-0297,SUP-07,2025-06-23,2025-07-08,2025-07-08,181,38.64,2,6993.84,1,0.011049723756906077
PO-0298,SUP-08,2025-10-01,2025-10-06,2025-10-05,380,132.58,1,50380.4,1,0.002631578947368421
PO-0299,SUP-01,2025-12-06,2025-12-16,2025-12-16,380,55.88,2,21234.4,1,0.005263157894736842
PO-0300,SUP-06,2025-08-19,2025-09-10,2025-09-11,222,4.97,2,1103.34,0,0.009009009009009009
PO-0301,SUP-11,2025-06-01,2025-06-07,2025-06-07,299,74.41,6,22248.59,1,0.020066889632107024
PO-0302,SUP-06,2025-05-20,2025-06-11,2025-06-12,155,110.33,4,17101.15,0,0.025806451612903226
PO-0303,SUP-15,2025-06-24,2025-07-12,2025-07-12,280,25.48,2,7134.400000000001,1,0.007142857142857143
PO-0304,SUP-10,2025-10-05,2025-10-15,2025-10-17,27,122.41,0,3305.0699999999997,0,0.0
PO-0305,SUP-12,2025-09-09,2025-09-22,2025-09-23,384,84.03,2,32267.52,0,0.005208333333333333
PO-0306,SUP-07,2025-07-30,2025-08-14,2025-08-14,90,107.27,3,9654.3,1,0.03333333333333333
PO-0307,SUP-01,2025-07-06,2025-07-16,2025-07-17,349,43.05,3,15024.449999999999,0,0.008595988538681949
PO-0308,SUP-10,2025-08-31,2025-09-10,2025-09-10,234,23.61,4,5524.74,1,0.017094017094017096
PO-0309,SUP-02,2025-07-23,2025-07-30,2025-07-28,112,26.84,1,3006.08,1,0.008928571428571428
PO-0310,SUP-11,2025-04-09,2025-04-15,2025-04-15,13,21.12,0,274.56,1,0.0
PO-0311,SUP-13,2025-06-05,2025-06-26,2025-06-28,207,92.42,6,19130.94,0,0.028985507246376812
PO-0312,SUP-04,2025-02-24,2025-03-04,2025-03-03,236,104.34,9,24624.24,1,0.038135593220338986
PO-0313,SUP-01,2025-05-24,2025-06-03,2025-06-04,239,89.12,5,21299.68,0,0.02092050209205021
PO-0314,SUP-12,2025-01-23,2025-02-05,2025-02-05,262,41.92,4,10983.04,1,0.015267175572519083
PO-0315,SUP-12,2025-08-18,2025-08-31,2025-09-02,366,74.11,4,27124.26,0,0.01092896174863388
PO-0316,SUP-12,2025-11-14,2025-11-27,2025-11-27,207,35.23,1,7292.61,1,0.004830917874396135
PO-0317,SUP-02,2025-02-24,2025-03-03,2025-03-03,190,34.15,1,6488.5,1,0.005263157894736842
PO-0318,SUP-06,2025-08-20,2025-09-11,2025-09-10,226,136.7,5,30894.199999999997,1,0.022123893805309734
PO-0319,SUP-01,2025-05-08,2025-05-18,2025-05-17,346,151.43,2,52394.78,1,0.005780346820809248
PO-0320,SUP-09,2025-08-14,2025-09-07,2025-09-09,92,157.59,0,14498.28,0,0.0
PO-0321,SUP-04,2025-05-28,2025-06-05,2025-06-08,121,85.38,2,10330.98,0,0.01652892561983471
PO-0322,SUP-14,2025-09-16,2025-09-23,2025-09-22,137,11.01,2,1508.37,1,0.014598540145985401
PO-0323,SUP-07,2025-02-09,2025-02-24,2025-02-24,236,97.66,4,23047.76,1,0.01694915254237288
PO-0324,SUP-04,2025-04-06,2025-04-14,2025-04-14,186,56.86,5,10575.96,1,0.026881720430107527
PO-0325,SUP-04,2025-01-05,2025-01-13,2025-01-12,199,42.61,4,8479.39,1,0.020100502512562814
PO-0326,SUP-09,2025-06-13,2025-07-07,2025-07-08,68,110.29,0,7499.72,0,0.0
PO-0327,SUP-03,2025-12-29,2026-01-09,2026-01-09,110,143.15,3,15746.5,1,0.02727272727272727
PO-0328,SUP-04,2025-11-07,2025-11-15,2025-11-17,330,71.2,10,23496.0,0,0.030303030303030304
PO-0329,SUP-08,2025-12-25,2025-12-30,2025-12-30,384,88.42,7,33953.28,1,0.018229166666666668
PO-0330,SUP-11,2025-06-03,2025-06-09,2025-06-10,109,42.11,4,4589.99,0,0.03669724770642202
PO-0331,SUP-09,2025-12-18,2026-01-11,2026-01-11,311,100.93,5,31389.230000000003,1,0.01607717041800643
PO-0332,SUP-12,2025-11-13,2025-11-26,2025-11-26,194,85.36,3,16559.84,1,0.015463917525773196
PO-0333,SUP-12,2025-05-13,2025-05-26,2025-05-28,169,71.48,1,12080.12,0,0.005917159763313609
PO-0334,SUP-08,2025-07-08,2025-07-13,2025-07-13,333,71.08,5,23669.64,1,0.015015015015015015
PO-0335,SUP-09,2025-05-20,2025-06-13,2025-06-13,283,6.25,7,1768.75,1,0.024734982332155476
PO-0336,SUP-07,2025-04-07,2025-04-22,2025-04-22,35,96.8,0,3388.0,1,0.0
PO-0337,SUP-13,2025-07-07,2025-07-28,2025-07-29,75,103.48,1,7761.0,0,0.013333333333333334
PO-0338,SUP-14,2025-07-21,2025-07-28,2025-07-28,22,63.57,0,1398.54,1,0.0
PO-0339,SUP-03,2025-11-27,2025-12-08,2025-12-08,185,73.08,4,13519.8,1,0.021621621621621623
PO-0340,SUP-14,2025-11-19,2025-11-26,2025-11-28,305,76.48,4,23326.4,0,0.013114754098360656
PO-0341,SUP-04,2025-05-26,2025-06-03,2025-06-04,398,76.64,7,30502.72,0,0.017587939698492462
PO-0342,SUP-04,2025-07-04,2025-07-12,2025-07-12,388,57.89,9,22461.32,1,0.023195876288659795
PO-0343,SUP-08,2025-04-13,2025-04-18,2025-04-17,63,79.24,2,4992.12,1,0.031746031746031744
PO-0344,SUP-04,2025-06-15,2025-06-23,2025-06-22,324,139.81,9,45298.44,1,0.027777777777777776
PO-0345,SUP-01,2025-05-01,2025-05-11,2025-05-12,323,131.8,2,42571.4,0,0.006191950464396285
PO-0346,SUP-02,2025-04-14,2025-04-21,2025-04-21,16,114.96,1,1839.36,1,0.0625
PO-0347,SUP-13,2025-11-01,2025-11-22,2025-11-24,53,158.14,1,8381.42,0,0.018867924528301886
PO-0348,SUP-13,2025-08-07,2025-08-28,2025-08-28,385,34.54,4,13297.9,1,0.01038961038961039
PO-0349,SUP-02,2025-06-01,2025-06-08,2025-06-08,282,11.18,4,3152.7599999999998,1,0.014184397163120567
PO-0350,SUP-07,2025-01-01,2025-01-16,2025-01-16,216,44.21,1,9549.36,1,0.004629629629629629
PO-0351,SUP-03,2025-11-29,2025-12-10,2025-12-10,62,31.82,2,1972.84,1,0.03225806451612903
PO-0352,SUP-01,2025-10-10,2025-10-20,2025-10-20,252,152.24,1,38364.48,1,0.003968253968253968
PO-0353,SUP-13,2025-07-10,2025-07-31,2025-07-29,181,117.85,5,21330.85,1,0.027624309392265192
PO-0354,SUP-01,2025-05-02,2025-05-12,2025-05-12,164,16.86,2,2765.04,1,0.012195121951219513
PO-0355,SUP-06,2025-07-14,2025-08-05,2025-08-05,318,89.6,4,28492.8,1,0.012578616352201259
PO-0356,SUP-04,2025-07-30,2025-08-07,2025-08-07,73,69.74,4,5091.0199999999995,1,0.0547945205479452
PO-0357,SUP-09,2025-01-28,2025-02-21,2025-02-22,61,32.54,2,1984.94,0,0.03278688524590164
PO-0358,SUP-14,2025-01-20,2025-01-27,2025-01-27,112,99.07,5,11095.84,1,0.044642857142857144
PO-0359,SUP-03,2025-11-12,2025-11-23,2025-11-23,376,32.01,9,12035.759999999998,1,0.023936170212765957
PO-0360,SUP-13,2025-07-17,2025-08-07,2025-08-07,295,19.08,3,5628.599999999999,1,0.010169491525423728
PO-0361,SUP-04,2025-05-04,2025-05-12,2025-05-12,268,46.76,7,12531.68,1,0.026119402985074626
PO-0362,SUP-06,2025-08-06,2025-08-28,2025-08-28,282,93.15,5,26268.300000000003,1,0.01773049645390071
PO-0363,SUP-03,2025-03-06,2025-03-17,2025-03-17,13,115.67,0,1503.71,1,0.0
PO-0364,SUP-03,2025-05-20,2025-05-31,2025-05-31,121,121.41,0,14690.609999999999,1,0.0
PO-0365,SUP-05,2025-10-20,2025-11-03,2025-11-03,85,149.9,0,12741.5,1,0.0
PO-0366,SUP-10,2025-09-22,2025-10-02,2025-10-02,172,56.33,2,9688.76,1,0.011627906976744186
PO-0367,SUP-11,2025-12-02,2025-12-08,2025-12-08,163,103.47,2,16865.61,1,0.012269938650306749
PO-0368,SUP-12,2025-08-23,2025-09-05,2025-09-07,285,70.26,1,20024.100000000002,0,0.0035087719298245615
PO-0369,SUP-11,2025-05-03,2025-05-09,2025-05-09,126,52.88,1,6662.88,1,0.007936507936507936
PO-0370,SUP-07,2025-06-08,2025-06-23,2025-06-23,87,55.04,1,4788.48,1,0.011494252873563218
PO-0371,SUP-01,2025-12-10,2025-12-20,2025-12-19,31,48.87,0,1514.97,1,0.0
PO-0372,SUP-06,2025-10-29,2025-11-20,2025-11-20,259,27.52,2,7127.68,1,0.007722007722007722
PO-0373,SUP-02,2025-01-29,2025-02-05,2025-02-04,262,96.08,4,25172.96,1,0.015267175572519083
PO-0374,SUP-02,2025-09-13,2025-09-20,2025-09-20,197,78.52,5,15468.439999999999,1,0.025380710659898477
PO-0375,SUP-07,2025-10-15,2025-10-30,2025-10-30,71,25.71,0,1825.41,1,0.0
PO-0376,SUP-09,2025-11-19,2025-12-13,2025-12-16,171,29.15,6,4984.65,0,0.03508771929824561
PO-0377,SUP-06,2025-07-12,2025-08-03,2025-08-03,27,3.97,1,107.19000000000001,1,0.037037037037037035
PO-0378,SUP-02,2025-09-11,2025-09-18,2025-09-19,176,140.72,3,24766.72,0,0.017045454545454544
PO-0379,SUP-09,2025-12-11,2026-01-04,2026-01-04,28,51.23,1,1434.4399999999998,1,0.03571428571428571
PO-0380,SUP-11,2025-11-17,2025-11-23,2025-11-23,108,153.97,0,16628.76,1,0.0
PO-0381,SUP-05,2025-11-04,2025-11-18,2025-11-18,277,126.8,6,35123.6,1,0.021660649819494584
PO-0382,SUP-12,2025-05-31,2025-06-13,2025-06-13,232,4.45,3,1032.4,1,0.01293103448275862
PO-0383,SUP-11,2025-01-30,2025-02-05,2025-02-03,322,158.7,1,51101.399999999994,1,0.003105590062111801
PO-0384,SUP-01,2025-03-02,2025-03-12,2025-03-10,75,7.38,0,553.5,1,0.0
PO-0385,SUP-14,2025-11-20,2025-11-27,2025-12-01,36,115.79,0,4168.4400000000005,0,0.0
PO-0386,SUP-06,2025-10-02,2025-10-24,2025-10-23,239,29.35,3,7014.650000000001,1,0.012552301255230125
PO-0387,SUP-02,2025-11-24,2025-12-01,2025-11-30,278,91.07,6,25317.46,1,0.02158273381294964
PO-0388,SUP-14,2025-02-04,2025-02-11,2025-02-10,331,99.19,5,32831.89,1,0.015105740181268883
PO-0389,SUP-05,2025-04-20,2025-05-04,2025-05-04,130,10.46,2,1359.8000000000002,1,0.015384615384615385
PO-0390,SUP-11,2025-08-06,2025-08-12,2025-08-12,223,21.86,1,4874.78,1,0.004484304932735426
PO-0391,SUP-11,2025-06-22,2025-06-28,2025-06-28,100,117.31,1,11731.0,1,0.01
PO-0392,SUP-08,2025-01-27,2025-02-01,2025-02-01,236,109.76,3,25903.36,1,0.012711864406779662
PO-0393,SUP-03,2025-10-28,2025-11-08,2025-11-07,53,104.65,1,5546.450000000001,1,0.018867924528301886
PO-0394,SUP-02,2025-01-07,2025-01-14,2025-01-13,267,17.25,3,4605.75,1,0.011235955056179775
PO-0395,SUP-14,2025-01-07,2025-01-14,2025-01-14,111,116.57,1,12939.269999999999,1,0.009009009009009009
PO-0396,SUP-04,2025-11-12,2025-11-20,2025-11-21,190,150.79,2,28650.1,0,0.010526315789473684
PO-0397,SUP-13,2025-12-16,2026-01-06,2026-01-06,332,106.65,3,35407.8,1,0.009036144578313253
PO-0398,SUP-05,2025-09-24,2025-10-08,2025-10-10,250,46.06,3,11515.0,0,0.012
PO-0399,SUP-13,2025-11-09,2025-11-30,2025-12-01,309,101.34,8,31314.06,0,0.025889967637540454
PO-0400,SUP-09,2025-09-14,2025-10-08,2025-10-10,231,76.76,4,17731.56,0,0.017316017316017316
PO-0401,SUP-11,2025-08-26,2025-09-01,2025-09-03,287,69.07,4,19823.089999999997,0,0.013937282229965157
PO-0402,SUP-07,2025-01-14,2025-01-29,2025-01-29,28,129.79,0,3634.12,1,0.0
PO-0403,SUP-07,2025-01-18,2025-02-02,2025-02-02,392,68.82,7,26977.44,1,0.017857142857142856
PO-0404,SUP-06,2025-08-03,2025-08-25,2025-08-25,73,58.81,0,4293.13,1,0.0
PO-0405,SUP-13,2025-07-14,2025-08-04,2025-08-03,358,29.1,3,10417.800000000001,1,0.008379888268156424
PO-0406,SUP-10,2025-07-22,2025-08-01,2025-08-01,130,111.23,2,14459.9,1,0.015384615384615385
PO-0407,SUP-13,2025-02-17,2025-03-10,2025-03-10,330,46.13,5,15222.900000000001,1,0.015151515151515152
PO-0408,SUP-15,2025-11-25,2025-12-13,2025-12-13,57,111.21,0,6338.969999999999,1,0.0
PO-0409,SUP-11,2025-03-28,2025-04-03,2025-04-05,124,59.25,2,7347.0,0,0.016129032258064516
PO-0410,SUP-07,2025-07-04,2025-07-19,2025-07-20,184,124.31,2,22873.04,0,0.010869565217391304
PO-0411,SUP-14,2025-06-02,2025-06-09,2025-06-09,96,94.41,4,9063.36,1,0.041666666666666664
PO-0412,SUP-15,2025-08-30,2025-09-17,2025-09-19,388,47.76,2,18530.88,0,0.005154639175257732
PO-0413,SUP-08,2025-03-23,2025-03-28,2025-03-26,232,33.58,7,7790.5599999999995,1,0.03017241379310345
PO-0414,SUP-04,2025-04-19,2025-04-27,2025-04-27,145,79.37,2,11508.650000000001,1,0.013793103448275862
PO-0415,SUP-10,2025-05-14,2025-05-24,2025-05-25,239,138.94,3,33206.659999999996,0,0.012552301255230125
PO-0416,SUP-09,2025-01-10,2025-02-03,2025-02-04,346,69.61,5,24085.06,0,0.014450867052023121
PO-0417,SUP-04,2025-06-27,2025-07-05,2025-07-07,258,53.24,4,13735.92,0,0.015503875968992248
PO-0418,SUP-02,2025-03-20,2025-03-27,2025-03-28,41,43.54,2,1785.1399999999999,0,0.04878048780487805
PO-0419,SUP-09,2025-02-24,2025-03-20,2025-03-21,136,66.21,1,9004.56,0,0.007352941176470588
PO-0420,SUP-13,2025-02-03,2025-02-24,2025-02-26,212,122.35,3,25938.199999999997,0,0.014150943396226415
PO-0421,SUP-09,2025-08-20,2025-09-13,2025-09-13,374,44.19,6,16527.059999999998,1,0.016042780748663103
PO-0422,SUP-07,2025-07-11,2025-07-26,2025-07-29,221,23.94,2,5290.740000000001,0,0.00904977375565611
PO-0423,SUP-02,2025-03-11,2025-03-18,2025-03-18,282,153.35,3,43244.7,1,0.010638297872340425
PO-0424,SUP-09,2025-08-10,2025-09-03,2025-09-05,243,106.11,5,25784.73,0,0.0205761316872428
PO-0425,SUP-15,2025-02-12,2025-03-02,2025-03-02,195,23.42,1,4566.900000000001,1,0.005128205128205128
PO-0426,SUP-09,2025-12-30,2026-01-23,2026-01-25,261,98.24,2,25640.64,0,0.007662835249042145
PO-0427,SUP-09,2025-07-09,2025-08-02,2025-08-01,131,11.37,2,1489.4699999999998,1,0.015267175572519083
PO-0428,SUP-03,2025-10-27,2025-11-07,2025-11-07,295,149.27,5,44034.65,1,0.01694915254237288
PO-0429,SUP-08,2025-05-12,2025-05-17,2025-05-17,374,77.89,6,29130.86,1,0.016042780748663103
PO-0430,SUP-02,2025-06-27,2025-07-04,2025-07-05,372,130.57,5,48572.04,0,0.013440860215053764
PO-0431,SUP-13,2025-10-13,2025-11-03,2025-11-06,381,129.5,6,49339.5,0,0.015748031496062992
PO-0432,SUP-12,2025-05-19,2025-06-01,2025-06-01,125,35.12,1,4390.0,1,0.008
PO-0433,SUP-11,2025-11-10,2025-11-16,2025-11-16,190,125.4,5,23826.0,1,0.02631578947368421
PO-0434,SUP-07,2025-10-05,2025-10-20,2025-10-20,185,103.87,3,19215.95,1,0.016216216216216217
PO-0435,SUP-05,2025-10-07,2025-10-21,2025-10-21,16,81.71,1,1307.36,1,0.0625
PO-0436,SUP-07,2025-09-23,2025-10-08,2025-10-08,45,74.63,0,3358.35,1,0.0
PO-0437,SUP-12,2025-04-02,2025-04-15,2025-04-13,187,119.12,5,22275.440000000002,1,0.026737967914438502
PO-0438,SUP-06,2025-05-22,2025-06-13,2025-06-15,138,38.06,0,5252.280000000001,0,0.0
PO-0439,SUP-06,2025-01-24,2025-02-15,2025-02-15,257,150.86,6,38771.020000000004,1,0.023346303501945526
PO-0440,SUP-13,2025-09-06,2025-09-27,2025-09-28,60,114.59,0,6875.400000000001,0,0.0
PO-0441,SUP-11,2025-01-18,2025-01-24,2025-01-24,335,62.73,2,21014.55,1,0.005970149253731343
PO-0442,SUP-05,2025-01-20,2025-02-03,2025-02-03,191,36.42,2,6956.22,1,0.010471204188481676
PO-0443,SUP-07,2025-01-03,2025-01-18,2025-01-18,245,104.26,2,25543.7,1,0.00816326530612245
PO-0444,SUP-10,2025-10-15,2025-10-25,2025-10-25,296,132.59,1,39246.64,1,0.0033783783783783786
PO-0445,SUP-11,2025-10-31,2025-11-06,2025-11-06,394,47.11,7,18561.34,1,0.017766497461928935
PO-0446,SUP-02,2025-01-27,2025-02-03,2025-02-03,31,18.7,0,579.6999999999999,1,0.0
PO-0447,SUP-13,2025-02-05,2025-02-26,2025-02-27,47,101.69,1,4779.43,0,0.02127659574468085
PO-0448,SUP-08,2025-05-30,2025-06-04,2025-06-02,240,21.0,6,5040.0,1,0.025
PO-0449,SUP-01,2025-12-12,2025-12-22,2025-12-22,82,4.9,1,401.8,1,0.012195121951219513
PO-0450,SUP-14,2025-09-20,2025-09-27,2025-09-26,329,109.82,9,36130.78,1,0.02735562310030395
PO-0451,SUP-10,2025-10-04,2025-10-14,2025-10-14,299,82.92,1,24793.08,1,0.0033444816053511705
PO-0452,SUP-14,2025-08-09,2025-08-16,2025-08-16,297,125.25,10,37199.25,1,0.03367003367003367
PO-0453,SUP-14,2025-02-12,2025-02-19,2025-02-21,204,61.17,1,12478.68,0,0.004901960784313725
PO-0454,SUP-04,2025-07-03,2025-07-11,2025-07-11,332,134.98,3,44813.35999999999,1,0.009036144578313253
PO-0455,SUP-10,2025-11-11,2025-11-21,2025-11-24,236,4.14,1,977.04,0,0.00423728813559322
PO-0456,SUP-10,2025-06-26,2025-07-06,2025-07-06,37,102.51,0,3792.8700000000003,1,0.0
PO-0457,SUP-03,2025-11-14,2025-11-25,2025-11-25,126,128.35,1,16172.099999999999,1,0.007936507936507936
PO-0458,SUP-13,2025-10-03,2025-10-24,2025-10-23,331,68.48,7,22666.88,1,0.021148036253776436
PO-0459,SUP-08,2025-02-09,2025-02-14,2025-02-17,346,35.67,4,12341.82,0,0.011560693641618497
PO-0460,SUP-15,2025-09-05,2025-09-23,2025-09-24,119,23.7,5,2820.2999999999997,0,0.04201680672268908
PO-0461,SUP-14,2025-11-02,2025-11-09,2025-11-08,19,17.63,0,334.96999999999997,1,0.0
PO-0462,SUP-02,2025-02-06,2025-02-13,2025-02-11,163,47.81,1,7793.030000000001,1,0.006134969325153374
PO-0463,SUP-09,2025-12-07,2025-12-31,2026-01-01,114,131.32,1,14970.48,0,0.008771929824561403
PO-0464,SUP-06,2025-01-12,2025-02-03,2025-02-02,175,38.04,2,6657.0,1,0.011428571428571429
PO-0465,SUP-04,2025-06-19,2025-06-27,2025-06-28,324,41.26,9,13368.24,0,0.027777777777777776
PO-0466,SUP-10,2025-08-20,2025-08-30,2025-08-30,196,58.51,3,11467.96,1,0.015306122448979591
PO-0467,SUP-01,2025-04-07,2025-04-17,2025-04-17,15,147.75,0,2216.25,1,0.0
PO-0468,SUP-09,2025-11-07,2025-12-01,2025-12-01,274,29.04,7,7956.96,1,0.025547445255474453
PO-0469,SUP-08,2025-04-13,2025-04-18,2025-04-19,191,49.0,4,9359.0,0,0.020942408376963352
PO-0470,SUP-09,2025-10-19,2025-11-12,2025-11-12,169,78.36,3,13242.84,1,0.01775147928994083
PO-0471,SUP-02,2025-10-21,2025-10-28,2025-10-28,283,7.41,3,2097.03,1,0.01060070671378092
PO-0472,SUP-10,2025-01-30,2025-02-09,2025-02-10,84,39.23,0,3295.3199999999997,0,0.0
PO-0473,SUP-11,2025-11-18,2025-11-24,2025-11-25,213,31.03,1,6609.39,0,0.004694835680751174
PO-0474,SUP-02,2025-01-28,2025-02-04,2025-02-04,244,103.41,8,25232.04,1,0.03278688524590164
PO-0475,SUP-02,2025-07-22,2025-07-29,2025-07-29,25,105.64,0,2641.0,1,0.0
PO-0476,SUP-11,2025-09-18,2025-09-24,2025-09-23,290,108.12,1,31354.800000000003,1,0.0034482758620689655
PO-0477,SUP-06,2025-11-29,2025-12-21,2025-12-21,120,132.46,0,15895.2,1,0.0
PO-0478,SUP-15,2025-09-11,2025-09-29,2025-09-30,113,31.78,0,3591.1400000000003,0,0.0
PO-0479,SUP-01,2025-10-11,2025-10-21,2025-10-21,141,106.42,1,15005.22,1,0.0070921985815602835
PO-0480,SUP-12,2025-06-19,2025-07-02,2025-07-02,44,59.8,0,2631.2,1,0.0
PO-0481,SUP-03,2025-01-28,2025-02-08,2025-02-07,198,133.65,4,26462.7,1,0.020202020202020204
PO-0482,SUP-09,2025-03-03,2025-03-27,2025-03-28,210,123.92,4,26023.2,0,0.01904761904761905
PO-0483,SUP-06,2025-02-05,2025-02-27,2025-02-27,37,53.57,1,1982.09,1,0.02702702702702703
PO-0484,SUP-09,2025-07-01,2025-07-25,2025-07-26,48,144.34,0,6928.32,0,0.0
PO-0485,SUP-02,2025-05-11,2025-05-18,2025-05-17,199,81.4,4,16198.6,1,0.020100502512562814
PO-0486,SUP-09,2025-04-24,2025-05-18,2025-05-18,302,33.6,10,10147.2,1,0.033112582781456956
PO-0487,SUP-07,2025-04-26,2025-05-11,2025-05-11,311,38.35,5,11926.85,1,0.01607717041800643
PO-0488,SUP-11,2025-08-10,2025-08-16,2025-08-15,364,107.25,0,39039.0,1,0.0
PO-0489,SUP-11,2025-09-10,2025-09-16,2025-09-16,399,142.52,4,56865.48,1,0.010025062656641603
PO-0490,SUP-08,2025-09-02,2025-09-07,2025-09-07,225,54.64,3,12294.0,1,0.013333333333333334
PO-0491,SUP-07,2025-08-22,2025-09-06,2025-09-05,166,128.23,4,21286.179999999997,1,0.024096385542168676
PO-0492,SUP-01,2025-09-27,2025-10-07,2025-10-07,328,49.05,5,16088.4,1,0.01524390243902439
PO-0493,SUP-11,2025-08-07,2025-08-13,2025-08-13,319,89.33,3,28496.27,1,0.009404388714733543
PO-0494,SUP-04,2025-03-31,2025-04-08,2025-04-08,59,50.48,0,2978.3199999999997,1,0.0
PO-0495,SUP-03,2025-10-30,2025-11-10,2025-11-11,254,132.32,6,33609.28,0,0.023622047244094488
PO-0496,SUP-10,2025-11-27,2025-12-07,2025-12-07,295,19.04,4,5616.8,1,0.013559322033898305
PO-0497,SUP-04,2025-07-19,2025-07-27,2025-07-27,394,101.67,12,40057.98,1,0.030456852791878174
PO-0498,SUP-05,2025-05-06,2025-05-20,2025-05-20,282,96.24,1,27139.68,1,0.0035460992907801418
PO-0499,SUP-04,2025-07-13,2025-07-21,2025-07-25,320,155.54,3,49772.799999999996,0,0.009375
PO-0500,SUP-12,2025-03-02,2025-03-15,2025-03-16,354,57.97,7,20521.38,0,0.01977401129943503
PO-0501,SUP-15,2025-09-15,2025-10-03,2025-10-02,42,29.81,0,1252.02,1,0.0
PO-0502,SUP-05,2025-12-21,2026-01-04,2026-01-05,299,152.98,0,45741.02,0,0.0
PO-0503,SUP-06,2025-03-12,2025-04-03,2025-04-03,43,50.74,1,2181.82,1,0.023255813953488372
PO-0504,SUP-10,2025-03-22,2025-04-01,2025-04-01,135,151.01,1,20386.35,1,0.007407407407407408
PO-0505,SUP-01,2025-05-17,2025-05-27,2025-05-27,34,31.22,1,1061.48,1,0.029411764705882353
PO-0506,SUP-11,2025-10-24,2025-10-30,2025-11-01,165,77.98,2,12866.7,0,0.012121212121212121
PO-0507,SUP-13,2025-02-12,2025-03-05,2025-03-05,249,82.73,7,20599.77,1,0.028112449799196786
PO-0508,SUP-14,2025-09-13,2025-09-20,2025-09-20,325,99.9,1,32467.500000000004,1,0.003076923076923077
PO-0509,SUP-02,2025-04-15,2025-04-22,2025-04-23,244,68.5,2,16714.0,0,0.00819672131147541
PO-0510,SUP-12,2025-03-01,2025-03-14,2025-03-14,180,34.77,4,6258.6,1,0.022222222222222223
PO-0511,SUP-03,2025-12-19,2025-12-30,2025-12-29,73,31.37,0,2290.01,1,0.0
PO-0512,SUP-09,2025-03-19,2025-04-12,2025-04-13,75,135.38,1,10153.5,0,0.013333333333333334
PO-0513,SUP-03,2025-02-01,2025-02-12,2025-02-12,57,101.19,2,5767.83,1,0.03508771929824561
PO-0514,SUP-01,2025-08-25,2025-09-04,2025-09-03,309,152.5,2,47122.5,1,0.006472491909385114
PO-0515,SUP-07,2025-01-29,2025-02-13,2025-02-12,383,123.39,6,47258.37,1,0.015665796344647518
PO-0516,SUP-04,2025-09-06,2025-09-14,2025-09-13,165,102.91,3,16980.149999999998,1,0.01818181818181818
PO-0517,SUP-09,2025-10-18,2025-11-11,2025-11-13,364,3.29,9,1197.56,0,0.024725274725274724
PO-0518,SUP-08,2025-06-27,2025-07-02,2025-07-02,246,36.7,4,9028.2,1,0.016260162601626018
PO-0519,SUP-11,2025-01-14,2025-01-20,2025-01-20,29,91.16,0,2643.64,1,0.0
PO-0520,SUP-04,2025-06-26,2025-07-04,2025-07-04,318,101.09,8,32146.620000000003,1,0.025157232704402517
PO-0521,SUP-03,2025-03-27,2025-04-07,2025-04-09,275,105.46,7,29001.5,0,0.025454545454545455
PO-0522,SUP-07,2025-07-15,2025-07-30,2025-07-30,65,56.52,1,3673.8,1,0.015384615384615385
PO-0523,SUP-11,2025-09-12,2025-09-18,2025-09-18,117,55.42,1,6484.14,1,0.008547008547008548
PO-0524,SUP-13,2025-09-06,2025-09-27,2025-09-26,217,7.11,6,1542.8700000000001,1,0.027649769585253458
PO-0525,SUP-15,2025-08-06,2025-08-24,2025-08-24,226,56.9,1,12859.4,1,0.004424778761061947
PO-0526,SUP-03,2025-03-17,2025-03-28,2025-03-28,305,47.72,8,14554.6,1,0.02622950819672131
PO-0527,SUP-07,2025-02-02,2025-02-17,2025-02-15,159,76.46,3,12157.14,1,0.018867924528301886
PO-0528,SUP-01,2025-07-27,2025-08-06,2025-08-06,280,122.58,2,34322.4,1,0.007142857142857143
PO-0529,SUP-09,2025-05-02,2025-05-26,2025-05-27,368,47.61,11,17520.48,0,0.029891304347826088
PO-0530,SUP-15,2025-08-01,2025-08-19,2025-08-18,370,16.8,4,6216.0,1,0.010810810810810811
PO-0531,SUP-04,2025-04-29,2025-05-07,2025-05-10,81,111.95,1,9067.95,0,0.012345679012345678
PO-0532,SUP-10,2025-12-13,2025-12-23,2025-12-23,285,94.8,2,27018.0,1,0.007017543859649123
PO-0533,SUP-08,2025-03-12,2025-03-17,2025-03-17,277,124.64,4,34525.28,1,0.01444043321299639
PO-0534,SUP-15,2025-03-29,2025-04-16,2025-04-16,216,108.5,1,23436.0,1,0.004629629629629629
PO-0535,SUP-01,2025-05-12,2025-05-22,2025-05-21,307,61.55,6,18895.85,1,0.019543973941368076
PO-0536,SUP-05,2025-10-26,2025-11-09,2025-11-08,145,27.64,0,4007.8,1,0.0
PO-0537,SUP-06,2025-07-26,2025-08-17,2025-08-17,117,117.47,0,13743.99,1,0.0
PO-0538,SUP-11,2025-02-09,2025-02-15,2025-02-16,341,24.79,6,8453.39,0,0.017595307917888565
PO-0539,SUP-04,2025-02-02,2025-02-10,2025-02-08,84,11.49,2,965.16,1,0.023809523809523808
PO-0540,SUP-02,2025-04-27,2025-05-04,2025-05-04,153,98.42,1,15058.26,1,0.006535947712418301
PO-0541,SUP-02,2025-11-23,2025-11-30,2025-12-01,154,112.59,4,17338.86,0,0.025974025974025976
PO-0542,SUP-01,2025-03-08,2025-03-18,2025-03-18,223,10.99,2,2450.77,1,0.008968609865470852
PO-0543,SUP-04,2025-11-07,2025-11-15,2025-11-16,98,22.68,1,2222.64,0,0.01020408163265306
PO-0544,SUP-15,2025-06-07,2025-06-25,2025-06-25,391,143.65,4,56167.15,1,0.010230179028132993
PO-0545,SUP-04,2025-08-13,2025-08-21,2025-08-21,307,81.51,5,25023.570000000003,1,0.016286644951140065
PO-0546,SUP-02,2025-02-07,2025-02-14,2025-02-13,202,51.1,5,10322.2,1,0.024752475247524754
PO-0547,SUP-02,2025-10-31,2025-11-07,2025-11-09,337,135.76,3,45751.119999999995,0,0.008902077151335312
PO-0548,SUP-15,2025-05-18,2025-06-05,2025-06-05,121,35.14,0,4251.9400000000005,1,0.0
PO-0549,SUP-01,2025-11-01,2025-11-11,2025-11-10,188,58.18,1,10937.84,1,0.005319148936170213
PO-0550,SUP-12,2025-11-24,2025-12-07,2025-12-07,345,154.24,1,53212.8,1,0.002898550724637681
PO-0551,SUP-08,2025-10-15,2025-10-20,2025-10-20,93,29.6,3,2752.8,1,0.03225806451612903
PO-0552,SUP-11,2025-02-16,2025-02-22,2025-02-23,374,5.39,3,2015.86,0,0.008021390374331552
PO-0553,SUP-08,2025-08-17,2025-08-22,2025-08-20,379,54.39,6,20613.81,1,0.0158311345646438
PO-0554,SUP-01,2025-12-28,2026-01-07,2026-01-07,68,94.34,3,6415.12,1,0.04411764705882353
PO-0555,SUP-13,2025-10-21,2025-11-11,2025-11-11,161,139.21,3,22412.81,1,0.018633540372670808
PO-0556,SUP-08,2025-03-21,2025-03-26,2025-03-26,276,136.12,4,37569.12,1,0.014492753623188406
PO-0557,SUP-02,2025-12-08,2025-12-15,2025-12-16,119,109.2,1,12994.800000000001,0,0.008403361344537815
PO-0558,SUP-06,2025-10-15,2025-11-06,2025-11-06,197,12.18,4,2399.46,1,0.02030456852791878
PO-0559,SUP-13,2025-11-08,2025-11-29,2025-11-29,242,88.28,3,21363.760000000002,1,0.012396694214876033
PO-0560,SUP-09,2025-11-30,2025-12-24,2025-12-25,168,34.0,3,5712.0,0,0.017857142857142856
PO-0561,SUP-14,2025-07-05,2025-07-12,2025-07-11,361,134.99,4,48731.39000000001,1,0.0110803324099723
PO-0562,SUP-06,2025-11-28,2025-12-20,2025-12-19,199,55.35,4,11014.65,1,0.020100502512562814
PO-0563,SUP-10,2025-11-25,2025-12-05,2025-12-05,77,17.36,1,1336.72,1,0.012987012987012988
PO-0564,SUP-09,2025-11-19,2025-12-13,2025-12-15,293,83.31,5,24409.83,0,0.017064846416382253
PO-0565,SUP-09,2025-05-19,2025-06-12,2025-06-13,235,79.48,5,18677.8,0,0.02127659574468085
PO-0566,SUP-01,2025-10-05,2025-10-15,2025-10-15,310,56.37,2,17474.7,1,0.0064516129032258064
PO-0567,SUP-15,2025-06-26,2025-07-14,2025-07-14,142,44.12,1,6265.04,1,0.007042253521126761
PO-0568,SUP-13,2025-03-18,2025-04-08,2025-04-08,367,151.67,4,55662.88999999999,1,0.010899182561307902
PO-0569,SUP-14,2025-01-08,2025-01-15,2025-01-16,126,150.6,2,18975.6,0,0.015873015873015872
PO-0570,SUP-11,2025-01-24,2025-01-30,2025-01-29,226,136.5,3,30849.0,1,0.01327433628318584
PO-0571,SUP-01,2025-12-24,2026-01-03,2026-01-03,116,131.24,2,15223.84,1,0.017241379310344827
PO-0572,SUP-05,2025-04-15,2025-04-29,2025-05-01,175,26.18,2,4581.5,0,0.011428571428571429
PO-0573,SUP-13,2025-05-08,2025-05-29,2025-05-28,161,158.5,1,25518.5,1,0.006211180124223602
PO-0574,SUP-03,2025-06-10,2025-06-21,2025-06-21,385,143.75,5,55343.75,1,0.012987012987012988
PO-0575,SUP-03,2025-12-29,2026-01-09,2026-01-11,118,44.15,1,5209.7,0,0.00847457627118644
PO-0576,SUP-05,2025-04-11,2025-04-25,2025-04-25,393,124.67,4,48995.31,1,0.010178117048346057
PO-0577,SUP-03,2025-12-23,2026-01-03,2026-01-03,32,75.3,1,2409.6,1,0.03125
PO-0578,SUP-01,2025-03-18,2025-03-28,2025-03-28,290,6.19,1,1795.1000000000001,1,0.0034482758620689655
PO-0579,SUP-06,2025-07-10,2025-08-01,2025-08-03,42,143.64,0,6032.879999999999,0,0.0
PO-0580,SUP-05,2025-03-25,2025-04-08,2025-04-08,209,131.72,4,27529.48,1,0.019138755980861243
PO-0581,SUP-11,2025-03-16,2025-03-22,2025-03-24,274,66.55,3,18234.7,0,0.010948905109489052
PO-0582,SUP-14,2025-08-25,2025-09-01,2025-09-01,334,23.5,6,7849.0,1,0.017964071856287425
PO-0583,SUP-12,2025-12-30,2026-01-12,2026-01-10,144,30.28,1,4360.32,1,0.006944444444444444
PO-0584,SUP-14,2025-04-15,2025-04-22,2025-04-23,98,45.29,1,4438.42,0,0.01020408163265306
PO-0585,SUP-07,2025-01-10,2025-01-25,2025-01-25,13,10.51,2,136.63,1,0.15384615384615385
PO-0586,SUP-01,2025-06-21,2025-07-01,2025-07-01,85,159.68,0,13572.800000000001,1,0.0
PO-0587,SUP-02,2025-08-18,2025-08-25,2025-08-25,138,59.57,0,8220.66,1,0.0
PO-0588,SUP-14,2025-07-21,2025-07-28,2025-07-26,209,5.78,7,1208.02,1,0.03349282296650718
PO-0589,SUP-06,2025-12-22,2026-01-13,2026-01-13,118,110.72,1,13064.96,1,0.00847457627118644
PO-0590,SUP-03,2025-11-22,2025-12-03,2025-12-03,352,78.21,4,27529.92,1,0.011363636363636364
PO-0591,SUP-13,2025-05-23,2025-06-13,2025-06-13,62,60.59,2,3756.5800000000004,1,0.03225806451612903
PO-0592,SUP-12,2025-09-01,2025-09-14,2025-09-13,75,46.71,2,3503.25,1,0.02666666666666667
PO-0593,SUP-02,2025-07-13,2025-07-20,2025-07-21,236,44.61,7,10527.96,0,0.029661016949152543
PO-0594,SUP-06,2025-01-07,2025-01-29,2025-01-30,67,53.77,1,3602.59,0,0.014925373134328358
PO-0595,SUP-12,2025-07-12,2025-07-25,2025-07-25,280,27.95,7,7826.0,1,0.025
PO-0596,SUP-03,2025-08-31,2025-09-11,2025-09-11,222,149.78,6,33251.16,1,0.02702702702702703
PO-0597,SUP-10,2025-10-02,2025-10-12,2025-10-12,352,20.16,1,7096.32,1,0.002840909090909091
PO-0598,SUP-09,2025-02-22,2025-03-18,2025-03-17,116,123.42,2,14316.72,1,0.017241379310344827
PO-0599,SUP-14,2025-11-17,2025-11-24,2025-11-24,313,117.47,6,36768.11,1,0.019169329073482427
PO-0600,SUP-13,2025-08-15,2025-09-05,2025-09-06,172,77.89,3,13397.08,0,0.01744186046511628
